{"cameraMode":{"drawMode":0,"name":"Shaded","section":"Shading Mode"},"sceneLighting":true,"audioPlay":false,"sceneViewState":{"showFog":true,"showMaterialUpdate":false,"showSkybox":false,"showFlares":true,"showImageEffects":true,"showParticleSystems":true},"in2DMode":false,"pivot":{"x":21.46129608154297,"y":22.813880920410158,"z":-12.06781005859375},"rotation":{"x":-0.05425279214978218,"y":0.037057459354400638,"z":-0.0020999826956540348,"w":-0.9980167746543884},"size":83.88963317871094,"orthographic":false}