{"cameraMode":{"drawMode":0,"name":"Shaded","section":"Shading Mode"},"sceneLighting":false,"audioPlay":false,"sceneViewState":{"showFog":true,"showMaterialUpdate":false,"showSkybox":false,"showFlares":true,"showImageEffects":true,"showParticleSystems":true},"in2DMode":false,"pivot":{"x":1.439103603363037,"y":2.453242778778076,"z":8.442997932434082},"rotation":{"x":0.02862766571342945,"y":0.11615320295095444,"z":-0.0032324434723705055,"w":0.9929584264755249},"size":11.18386459350586,"orthographic":false}